ANO,rotulo,coluna_real,n_rr,n_filled,pct_filled,media
2022,IEP_projetor,IN_EQUIP_MULTIMIDIA,950,876,92.2,0.35
2022,IIB_agua_potavel,IN_AGUA_FILTRADA,950,0,0.0,
2022,IDP_quadra_esportes,IN_QUADRA_ESPORTES,950,876,92.2,0.229
2022,IDP_biblioteca,IN_BIBLIOTECA,950,876,92.2,0.257
2022,IDA_sala_diretoria,IN_SALA_DIRETORIA,950,876,92.2,0.482
2022,IIB_agua_potavel,IN_AGUA_POTAVEL,950,876,92.2,0.646
2022,IEP_impressora,IN_EQUIP_IMPRESSORA,950,876,92.2,0.42
2022,IEP_projetor,IN_EQUIP_RETROPROJETOR,950,0,0.0,
2022,IEP_internet,IN_INTERNET,950,876,92.2,0.551
2022,IIB_banheiro,IN_BANHEIRO,950,876,92.2,0.72
2022,IDA_despensa,IN_DESPENSA,950,876,92.2,0.519
2022,IDA_refeitorio,IN_REFEITORIO,950,876,92.2,0.39
2022,IDP_lab_informatica,IN_LABORATORIO_INFORMATICA,950,876,92.2,0.153
2022,IEP_projetor,IN_MATERIAL_PED_MULTIMIDIA,950,876,92.2,0.137
2022,IIB_energia_rede,IN_ENERGIA_REDE_PUBLICA,950,876,92.2,0.712
2022,IIB_banheiro,IN_BANHEIRO_DENTRO_PREDIO,950,0,0.0,
2022,IEP_computador,IN_COMPUTADOR,950,876,92.2,0.518
2022,IDA_sala_professor,IN_SALA_PROFESSOR,950,876,92.2,0.395
2022,IDA_secretaria,IN_SECRETARIA,950,876,92.2,0.564
2022,IIB_coleta_lixo,IN_LIXO_SERVICO_COLETA,950,876,92.2,0.424
2022,IDP_biblioteca,IN_BIBLIOTECA_SALA_LEITURA,950,876,92.2,0.296
2022,IDP_patio_coberto,IN_PATIO_COBERTO,950,876,92.2,0.387
