fold,estrategia,sobrep_taxa,sobrep_cont,captura_alunos,matr_mediana,n_indig,spearman,MAE,MAE_pond,R2,R2c,vies
2021->2022,T0 média do treino,0.06666666666666667,0.13333333333333333,0.12074947952810548,84.0,15.0,,4.26148119122257,2.9224060327773644,-0.1285807910074892,0.0,-2.1516065830721005
2021->2022,T1 persistência: taxa(t),0.26666666666666666,0.2,0.20749479528105483,77.0,13.0,0.2998941251552447,4.6607758620689665,2.9221226791774804,-0.3671348994765298,-0.2390033231825026,-2.1478448275862068
2021->2022,T2 média de 3 anos,0.4,0.2,0.21790423317140875,55.5,16.0,0.4241675910706222,3.8596264367816095,2.355882744393425,0.07861659453491032,0.20068464261406793,-2.0964080459770114
2021->2022,T3 taxa acumulada (ΣB/Σn),0.36666666666666664,0.2,0.21998612074947954,67.5,17.0,0.42058520135214855,3.9206043103100883,2.381924348824767,0.04807344621872811,0.17747655320173084,-2.158475729890454
2021->2022,T4 taxa acumulada encolhida (EB),0.3333333333333333,0.23333333333333334,0.24080499653018736,81.0,16.0,0.4294798094280642,3.9257380698485265,2.3780041046787823,0.0062139334533054535,0.1699810911117965,-2.4282210718391752
2021->2022,T5 OLS: média histórica + TDI,0.3,0.13333333333333333,0.16655100624566274,64.5,17.0,0.4267675777690152,3.825469177366705,2.3700400315659325,0.041790525539255996,0.18071335768374852,-2.2364625593508687
2021->2022,T6 Ridge (todas as features),0.2,0.3333333333333333,0.28521859819569745,128.0,8.0,0.1212914271199364,4.95551104655995,3.839498062654796,-0.45094862700077276,-0.3457678461517042,-1.9460007939981283
2021->2022,T7 RandomForest (todas as features),0.2,0.16666666666666666,0.19430950728660654,85.0,11.0,0.3763038347775081,4.298365656402311,2.8063794810697535,-0.1473609281473296,-4.2887394680057866e-05,-2.3030469149398654
2021->2022,C0 só o porte: matrícula(t),0.0,0.36666666666666664,0.2539902845246357,546.5,0.0,-0.10264108480706223,,,,,
2021->2022,C1 persistência: contagem(t),0.2,0.4666666666666667,0.3289382373351839,227.0,4.0,0.2364594205711055,,,,,
2021->2022,C3 taxa acumulada × matrícula,0.16666666666666666,0.4,0.3525329632199861,225.5,5.0,0.2640360580000187,,,,,
2021->2022,C4 EB × matrícula,0.13333333333333333,0.4666666666666667,0.3657182512144344,290.5,4.0,0.22123579526827564,,,,,
2021->2022,C5 OLS × matrícula,0.06666666666666667,0.5,0.3712699514226232,444.0,2.0,0.09544113301149514,,,,,
2021->2022,C7 RandomForest × matrícula,0.13333333333333333,0.4666666666666667,0.3823733518390007,225.5,4.0,0.12842872108447015,,,,,
2021->2022,ORÁCULO por taxa,,,0.2338653712699514,43.0,22.0,,,,,,
2021->2022,ORÁCULO por contagem,,,0.5170020818875781,351.0,7.0,,,,,,
2021->2022,ACASO (K/N),0.12931034482758622,0.12931034482758622,0.12931034482758622,,,,,,,,
2022->2023,T0 média do treino,0.1,0.23333333333333334,0.18474758324382384,79.0,17.0,,3.4289124468295813,3.2153549059604414,-0.06996479514568876,0.0,1.1294170352834656
2022->2023,T1 persistência: taxa(t),0.36666666666666664,0.2,0.16541353383458646,41.0,22.0,0.3775104636814667,3.891266375545851,2.4871140257477493,-1.0427954151398104,-0.7832980111010974,2.175109170305677
2022->2023,T2 média de 3 anos,0.43333333333333335,0.26666666666666666,0.21052631578947367,48.5,21.0,0.37168481958294625,2.636026200873363,1.7148751330945697,0.09690274633208695,0.09705377798062209,0.05247452692867545
2022->2023,T3 taxa acumulada (ΣB/Σn),0.43333333333333335,0.26666666666666666,0.20193340494092374,57.0,18.0,0.40373552782852257,2.7501599774144325,1.799367286588414,0.07104835232469675,0.08969294370517167,0.5830301118772301
2022->2023,T4 taxa acumulada encolhida (EB),0.4,0.26666666666666666,0.200859291084855,67.5,17.0,0.41429858223796096,2.6290032199340003,1.7579803161460952,0.16374514173624843,0.16763111489978,0.2661732755584528
2022->2023,T5 OLS: média histórica + TDI,0.3333333333333333,0.23333333333333334,0.17185821697099893,61.0,20.0,0.3880707145229575,2.9442126991331103,2.210871608112204,0.11853447224828839,0.1915251056702807,1.1535810596179505
2022->2023,T6 Ridge (todas as features),0.3333333333333333,0.23333333333333334,0.18045112781954886,53.0,23.0,0.3612585726781257,4.233269172838735,3.290058032696269,-0.7073693628520998,-0.2022354575743004,3.034714295920761
2022->2023,T7 RandomForest (todas as features),0.3333333333333333,0.13333333333333333,0.15682062298603652,41.0,22.0,0.3902991797097049,4.221648402284222,3.1252283892539414,-0.5331377303467963,0.019218806615429962,3.1733962167222742
2022->2023,C0 só o porte: matrícula(t),0.06666666666666667,0.4,0.33297529538131043,583.0,0.0,0.02111641953140508,,,,,
2022->2023,C1 persistência: contagem(t),0.16666666666666666,0.5666666666666667,0.3941997851772288,355.5,8.0,0.3496282868980211,,,,,
2022->2023,C3 taxa acumulada × matrícula,0.2,0.6,0.40064446831364126,243.0,6.0,0.3584004567936769,,,,,
2022->2023,C4 EB × matrícula,0.16666666666666666,0.5666666666666667,0.38990332975295383,334.0,4.0,0.3417633094669561,,,,,
2022->2023,C5 OLS × matrícula,0.2,0.6,0.45542427497314714,498.0,3.0,0.1862864914128001,,,,,
2022->2023,C7 RandomForest × matrícula,0.16666666666666666,0.5666666666666667,0.40816326530612246,494.0,3.0,0.23360711207534995,,,,,
2022->2023,ORÁCULO por taxa,,,0.38345864661654133,49.0,18.0,,,,,,
2022->2023,ORÁCULO por contagem,,,0.6015037593984962,337.5,6.0,,,,,,
2022->2023,ACASO (K/N),0.13100436681222707,0.13100436681222707,0.13100436681222707,,,,,,,,
2023->2024,T0 média do treino,0.1,0.13333333333333333,0.14840499306518723,81.0,17.0,,3.1866715666733105,3.101324151954619,-0.09848259964271833,0.0,1.1381129160853098
2023->2024,T1 persistência: taxa(t),0.43333333333333335,0.26666666666666666,0.2552011095700416,50.5,19.0,0.40807392236505247,2.6146551724137934,1.6282366437233693,-0.42394952164909805,-0.4066703434221772,0.4767241379310346
2023->2024,T2 média de 3 anos,0.4,0.26666666666666666,0.23439667128987518,56.5,20.0,0.4526875442912009,2.7711925287356327,1.788269263785488,-0.2256341049925883,-0.1220841866234259,1.1670258620689655
2023->2024,T3 taxa acumulada (ΣB/Σn),0.4,0.26666666666666666,0.24133148404993066,54.5,20.0,0.4376113195571629,2.5975110668681873,1.619603974237503,-0.03709874728617857,0.028495445281145226,0.9288344081272233
2023->2024,T4 taxa acumulada encolhida (EB),0.4,0.26666666666666666,0.24549237170596394,60.5,18.0,0.43667975721378866,2.433567198193463,1.5847801115760076,0.17477760563438982,0.2069405771680919,0.6504047183070317
2023->2024,T5 OLS: média histórica + TDI,0.36666666666666664,0.26666666666666666,0.22191400832177532,59.0,21.0,0.4402381295712701,2.571719900682275,1.9822434625328862,0.17268190502609682,0.24692671763631313,0.9881859110656931
2023->2024,T6 Ridge (todas as features),0.3333333333333333,0.23333333333333334,0.22468793342579751,74.5,24.0,0.3385712227608086,2.7805708618456983,2.161253706376743,0.0324711690865529,0.11865767068065114,1.0646950287175079
2023->2024,T7 RandomForest (todas as features),0.3333333333333333,0.2,0.20110957004160887,71.0,20.0,0.3638189020886198,2.84699172152417,2.049779217578465,0.04128455524168262,0.14498817556450405,1.167891664981548
2023->2024,C0 só o porte: matrícula(t),0.03333333333333333,0.23333333333333334,0.23300970873786409,595.5,0.0,-0.06868720917531831,,,,,
2023->2024,C1 persistência: contagem(t),0.2,0.6,0.4368932038834951,352.0,6.0,0.3320142582803478,,,,,
2023->2024,C3 taxa acumulada × matrícula,0.2,0.5666666666666667,0.44521497919556174,362.0,5.0,0.2950778352108369,,,,,
2023->2024,C4 EB × matrícula,0.2,0.5666666666666667,0.44521497919556174,362.0,5.0,0.262135802060833,,,,,
2023->2024,C5 OLS × matrícula,0.13333333333333333,0.5,0.4105409153952843,463.0,2.0,0.12255272223512176,,,,,
2023->2024,C7 RandomForest × matrícula,0.1,0.43333333333333335,0.3536754507628294,463.0,2.0,0.12211844958867238,,,,,
2023->2024,ORÁCULO por taxa,,,0.3897364771151179,61.5,19.0,,,,,,
2023->2024,ORÁCULO por contagem,,,0.5922330097087378,243.5,8.0,,,,,,
2023->2024,ACASO (K/N),0.12931034482758622,0.12931034482758622,0.12931034482758622,,,,,,,,
2024->2025,T0 média do treino,0.1,0.1,0.11048951048951049,96.0,16.0,,3.3363399905416706,2.783721012198473,-0.05226504022460188,0.0,0.9656353450471094
2024->2025,T1 persistência: taxa(t),0.5,0.26666666666666666,0.26853146853146853,46.5,20.0,0.415756031049859,2.434033613445378,1.503629254829807,0.09443149291835973,0.09516898330119505,0.1147058823529412
2024->2025,T2 média de 3 anos,0.43333333333333335,0.2,0.22377622377622378,53.0,23.0,0.4752958121239882,2.7441876750700285,1.7969694878871512,-0.02117589110502127,0.04643035956898256,1.0982492997198878
2024->2025,T3 taxa acumulada (ΣB/Σn),0.4,0.2,0.213986013986014,61.0,21.0,0.4336555227518188,2.7292331841244355,1.7891815661490271,0.07233575803399794,0.11532439176019615,0.8757584382105024
2024->2025,T4 taxa acumulada encolhida (EB),0.3,0.23333333333333334,0.23356643356643356,72.5,19.0,0.4149480318472168,2.7617528811199836,1.7811622507165386,0.10971047394312539,0.13019391341314868,0.6045176017587093
2024->2025,T5 OLS: média histórica + TDI,0.43333333333333335,0.2,0.23076923076923078,55.0,22.0,0.4817994770953876,2.642286349216096,1.8443920925459774,0.2518597236898943,0.280177340267341,0.7107810781878994
2024->2025,T6 Ridge (todas as features),0.36666666666666664,0.23333333333333334,0.22377622377622378,70.0,25.0,0.48990732578971596,2.541200961279381,1.6452817284084964,0.2803331728179749,0.29905996206719254,0.5780150824142773
2024->2025,T7 RandomForest (todas as features),0.36666666666666664,0.16666666666666666,0.2013986013986014,55.0,22.0,0.40276322511103985,2.7360023917182152,1.8218661528998112,0.22247277227721496,0.25097066774221444,0.7130400169880853
2024->2025,C0 só o porte: matrícula(t),0.0,0.3333333333333333,0.25874125874125875,626.0,0.0,0.031440854649127846,,,,,
2024->2025,C1 persistência: contagem(t),0.2,0.5,0.41818181818181815,241.0,7.0,0.38639872895593314,,,,,
2024->2025,C3 taxa acumulada × matrícula,0.16666666666666666,0.4666666666666667,0.393006993006993,369.0,4.0,0.34662159517336066,,,,,
2024->2025,C4 EB × matrícula,0.16666666666666666,0.4666666666666667,0.38741258741258744,369.0,4.0,0.30509693582380576,,,,,
2024->2025,C5 OLS × matrícula,0.1,0.5333333333333333,0.4,520.5,2.0,0.24085267968697424,,,,,
2024->2025,C7 RandomForest × matrícula,0.06666666666666667,0.5,0.406993006993007,520.5,2.0,0.24474850965446585,,,,,
2024->2025,ORÁCULO por taxa,,,0.3412587412587413,49.0,25.0,,,,,,
2024->2025,ORÁCULO por contagem,,,0.606993006993007,348.0,10.0,,,,,,
2024->2025,ACASO (K/N),0.12605042016806722,0.12605042016806722,0.12605042016806722,,,,,,,,
