fold,regra,captura,captura_em_escolas_indigenas,n_indig,n_capital,matr_mediana
2021,EB × matrícula^0,0.23191318327974275,0.1873589164785553,13,4,46.0
2021,EB × matrícula^0.25,0.36816720257234725,0.12189616252821671,8,9,122.0
2021,EB × matrícula^0.5,0.3854501607717042,0.0835214446952596,4,12,231.0
2021,EB × matrícula^0.75,0.43609324758842444,0.04966139954853273,2,15,289.0
2021,EB × matrícula^1.0,0.5289389067524116,0.029345372460496615,1,18,387.0
2021,cota ∝ nº de escolas,0.3195337620578778,0.3047404063205418,13,7,97.5
2021,cota ∝ abandonos esperados,0.4622186495176849,0.15349887133182843,5,16,309.5
2021,cota ∝ √(escolas × abandonos esperados),0.4007234726688103,0.23702031602708803,8,11,208.5
2022,EB × matrícula^0,0.27610008628127697,0.29900332225913623,14,3,61.0
2022,EB × matrícula^0.25,0.362381363244176,0.2724252491694352,10,9,95.0
2022,EB × matrícula^0.5,0.4624676445211389,0.19269102990033224,6,11,188.5
2022,EB × matrícula^0.75,0.4314063848144953,0.03322259136212625,2,16,254.5
2022,EB × matrícula^1.0,0.44952545297670404,0.0,0,20,332.5
2022,cota ∝ nº de escolas,0.3459879206212252,0.37209302325581395,13,6,88.5
2022,cota ∝ abandonos esperados,0.4314063848144953,0.22259136212624583,5,15,222.0
2022,cota ∝ √(escolas × abandonos esperados),0.4253666954270923,0.3023255813953488,9,11,153.5
2023,EB × matrícula^0,0.23790322580645162,0.3404255319148936,18,3,37.0
2023,EB × matrícula^0.25,0.4183467741935484,0.2978723404255319,11,8,116.0
2023,EB × matrícula^0.5,0.4485887096774194,0.2127659574468085,8,12,202.0
2023,EB × matrícula^0.75,0.5181451612903226,0.02553191489361702,2,16,274.5
2023,EB × matrícula^1.0,0.5362903225806451,0.02553191489361702,2,18,319.0
2023,cota ∝ nº de escolas,0.4223790322580645,0.43829787234042555,14,6,102.0
2023,cota ∝ abandonos esperados,0.5272177419354839,0.16595744680851063,6,14,216.0
2023,cota ∝ √(escolas × abandonos esperados),0.5080645161290323,0.2978723404255319,10,10,161.5
2024,EB × matrícula^0,0.19023397761953204,0.3367003367003367,18,3,37.5
2024,EB × matrícula^0.25,0.34791454730417093,0.30976430976430974,12,6,101.0
2024,EB × matrícula^0.5,0.38555442522889116,0.2558922558922559,8,12,143.0
2024,EB × matrícula^0.75,0.4669379450661241,0.15824915824915825,4,14,231.0
2024,EB × matrícula^1.0,0.49745676500508645,0.10437710437710437,1,18,309.0
2024,cota ∝ nº de escolas,0.4252288911495422,0.5117845117845118,14,6,104.5
2024,cota ∝ abandonos esperados,0.47202441505595116,0.25925925925925924,6,14,218.0
2024,cota ∝ √(escolas × abandonos esperados),0.4659206510681587,0.36363636363636365,10,10,159.5
