alvo,estrategia,spearman_taxa,captura_alunos,MAE
2022,persistência,-0.1111248188835844,0.071658615136876,11.846496815286624
2022,EB,0.26753537097447516,0.14009661835748793,8.550471525255393
2022,EB × matrícula,0.06976923857683644,0.4915458937198068,
2023,persistência,0.18466421213874568,0.29251101321585904,6.884276729559748
2023,EB,0.3270383101287083,0.29251101321585904,4.958283158694967
2023,EB × matrícula,-0.017134074492589083,0.4193832599118943,
2024,persistência,0.33358087991609714,0.22391084093211752,8.46335403726708
2024,EB,0.42034204660849683,0.2725430597771023,4.939401863180841
2024,EB × matrícula,0.13768118280280492,0.5157041540020263,
2025,persistência,0.4279845118035626,0.2167689161554192,5.380368098159509
2025,EB,0.4622480291739721,0.20040899795501022,4.765413555523682
2025,EB × matrícula,0.0800816492346857,0.5,
